{
  "data": {
    "headers": [
      "No",
      "name",
      "price",
      "stock",
      "category",
      "Option"
    ],
    "rows": [
      {
        "id": "222",
        "name": "Jaket 1",
        "price": 200000,
        "stock": 200,
        "category": "pakaian"
      },
      {
        "id": "1",
        "name": "Celana",
        "price": 200000,
        "stock": 200,
        "category": "pakaian"
      },
      {
        "id": "23",
        "name": "Baju",
        "price": 200000,
        "stock": 200,
        "category": "pakaian"
      },
      {
        "id": 82221964008,
        "name": "dwdw",
        "price": 0,
        "stock": 0,
        "category": "dwd"
      },
      {
        "id": 82221964008,
        "name": "dwddwdw",
        "price": 0,
        "stock": 0,
        "category": "dwd"
      },
      {
        "id": 82221964008,
        "name": "dwddwdw",
        "price": 0,
        "stock": 0,
        "category": "dwd"
      },
      {
        "id": 82221964008,
        "name": "dwddwdw",
        "price": 0,
        "stock": 0,
        "category": "dwd"
      },
      {
        "id": 82221964008,
        "name": "dwddwdw",
        "price": 0,
        "stock": 0,
        "category": "dwd"
      },
      {
        "id": 82221964008,
        "name": "dwddwdw",
        "price": 0,
        "stock": 0,
        "category": "dwd"
      },
      {
        "id": 82221964008,
        "name": "dwddwdw",
        "price": 0,
        "stock": 0,
        "category": "dwd"
      },
      {
        "id": 82221964008,
        "name": "dwddwdw",
        "price": 0,
        "stock": 0,
        "category": "dwd"
      },
      {
        "id": 82221964008,
        "name": "dwddwdw",
        "price": 0,
        "stock": 0,
        "category": "dwd"
      },
      {
        "id": 82221964008,
        "name": "dwddwdw",
        "price": 0,
        "stock": 0,
        "category": "dwd"
      },
      {
        "id": 82221964008,
        "name": "dwddwdw",
        "price": 0,
        "stock": 0,
        "category": "dwd"
      },
      {
        "id": 82221964008,
        "name": "dwddwdw",
        "price": 0,
        "stock": 0,
        "category": "dwd"
      },
      {
        "id": 82221964008,
        "name": "dwddwdw",
        "price": 0,
        "stock": 0,
        "category": "dwd"
      },
      {
        "id": 82221964008,
        "name": "dwddwdw",
        "price": 0,
        "stock": 0,
        "category": "dwd"
      }
    ]
  }
}