{
  "data": [
    {
      "id": 115862790321.52863,
      "email": "zikrimansyursyah@gmail.com",
      "password": "zikri123",
      "username": "Zikri"
    },
    {
      "id": 324319822361.3459,
      "email": "zikrimansyursyah1@gmail.com",
      "password": "zadadwdwadwa",
      "username": "dzikri"
    },
    {
      "id": 1122581324809.955,
      "email": "zickry17@gmail.com",
      "password": "qwertyuiop",
      "username": "zzz"
    },
    {
      "id": 243068589816.03296,
      "email": "zikri@silungkang.com",
      "password": "dwdadwadwd",
      "username": "letslookid"
    },
    {
      "id": 1355462158355.1123,
      "email": "admin@tokopedia.com",
      "password": "admin123",
      "username": "admin"
    }
  ]
}